{"loss": [0.871738799051805, 0.8693511171774431, 0.8573513497005809, 0.8419669129631736, 0.8222094785083424, 0.7970947764136574, 0.7751310619440945, 0.7563228791410272, 0.7425225106152621, 0.7233555360273881, 0.715977132320404, 0.6935656054453416, 0.6826735393567519, 0.6695698748935353, 0.6591066165403886, 0.6562621810219504, 0.6452956822785464, 0.6380235243927349, 0.6249189972877502, 0.6223744278604334, 0.6142724719914523, 0.6045763275840066, 0.6011102985252034, 0.5945857714522969, 0.588455138423226, 0.5962362917986783, 0.5918949230150743, 0.5873433757912029, 0.5808142429048365, 0.5807050547816537, 0.5886284085837278, 0.58948826844042, 0.5754644122990695, 0.5825630095872012, 0.5741032719612121, 0.5755104438825087, 0.5883296598087657, 0.5746074210513722, 0.5666083606806669, 0.5889682152054526, 0.5743012552911585, 0.5737758327614177, 0.5770386078140952, 0.5742902192202481, 0.5712329783222893, 0.5641444558447057, 0.5827102601528168, 0.5732995282519947, 0.5782457037405534, 0.5699240586974404, 0.5806821405887603, 0.5792323101650585, 0.5856558593836698, 0.5798274414105848, 0.5816623400558125, 0.5723649480126121, 0.5773474167693745, 0.5774548227136785, 0.5743405737660148, 0.5806967821988193, 0.5782821769064123, 0.5795351526953957, 0.5747757743705403, 0.5707120694897392, 0.5760680279948495, 0.5815200664780357, 0.5741673057729547, 0.5849914122711528, 0.5641044064001604, 0.5867132127285004, 0.5782766884023492, 0.5664334335110405, 0.5832756226713007, 0.5729919032617049, 0.5791855589909987, 0.5773683244531805, 0.5754036377776753, 0.5669098837809129, 0.5695398785851219, 0.574900647726926, 0.5731107863512906, 0.5725426294586875, 0.5784551577134566, 0.5760024374181574, 0.5781336735595356, 0.5706929743289948, 0.570652757991444, 0.5736595554785295, 0.5703587228601629, 0.584101321480491, 0.5675211662595923, 0.5757211522622542, 0.5739800789139488, 0.5640521938150579, 0.5647972600026564, 0.5730207242748954, 0.5755626006559892, 0.5739802636883475, 0.5755140608007258, 0.5772508155215871], "val_loss": [0.7372503791536603, 0.7306646406650543, 0.7210873706000192, 0.7076707908085415, 0.6888488360813686, 0.6669887432030269, 0.647287151643208, 0.6301774297441755, 0.617504187992641, 0.6070912735802787, 0.5991043746471405, 0.5907075788293566, 0.5836157926491329, 0.5775414066655296, 0.5729350575378963, 0.56912071790014, 0.5655185537678855, 0.5650050086634499, 0.5637397766113281, 0.5633768779890878, 0.5637918966157096, 0.5653343796730042, 0.5663073446069445, 0.5666974016598293, 0.5661016362054008, 0.5675984791346959, 0.572336516210011, 0.5710720632757459, 0.5749808124133519, 0.5738306088106973, 0.5771693927901131, 0.5790256900446755, 0.5791119847978864, 0.5815329466547284, 0.5825685773577008, 0.5790530485766274, 0.5808270914213998, 0.5842451964105878, 0.5863374641963414, 0.5874113695962089, 0.5883314311504364, 0.5873489337308067, 0.5856561405318124, 0.5845505424908229, 0.5862721119608197, 0.5885410564286369, 0.5883138222353799, 0.5869210319859641, 0.5876310638019017, 0.5869043554578509, 0.5852247774600983, 0.5855858411107745, 0.5864423726286206, 0.5885848488126483, 0.5868063058171954, 0.5869096262114388, 0.5870780348777771, 0.5877969179834638, 0.5851442473275321, 0.5851588121482304, 0.5870290228298732, 0.5866455052580152, 0.5873978095395225, 0.5875992604664394, 0.5853468179702759, 0.5866714034761701, 0.5860616053853717, 0.5879562667437962, 0.5901086287839072, 0.5889914163521358, 0.5866537775312152, 0.5888502640383584, 0.5876514528478894, 0.5880591826779502, 0.5881680761064801, 0.5900842377117702, 0.5896976164409092, 0.5922845900058746, 0.5899140281336648, 0.5889131511960711, 0.5908755234309605, 0.5899022477013725, 0.5918885937758854, 0.5906496133123126, 0.5925414860248566, 0.5906642164502826, 0.5885787180491856, 0.5894749930926731, 0.588984523500715, 0.5908367676394326, 0.5908111504146031, 0.5902198127337864, 0.5921922155788967, 0.5895482855183738, 0.5896523509706769, 0.5901428631373814, 0.5908216536045074, 0.5913276033742088, 0.5938164847237724, 0.5933744311332703], "accuracy": [0.3709090906110677, 0.3627272735942494, 0.365454547513615, 0.3654545465653593, 0.36727272949435497, 0.3900000038472089, 0.4327272748405283, 0.47909091223369943, 0.4909090914509513, 0.5209090942686254, 0.5418181858279488, 0.5690909120169553, 0.586363635821776, 0.6009090922095559, 0.6181818187236786, 0.6190909082239324, 0.6272727294401689, 0.6263636345213109, 0.6563636335459623, 0.6463636382059618, 0.6536363612521778, 0.66454545638778, 0.6781818135218187, 0.6790909073569558, 0.672727271643552, 0.6718181864781814, 0.6681818176399578, 0.6709090931849047, 0.681818178025159, 0.6781818173148415, 0.6790909046476538, 0.6663636362010782, 0.6845454573631287, 0.6845454514026642, 0.6918181831186468, 0.682727271860296, 0.668181816556237, 0.6827272729440169, 0.6927272709933194, 0.674545453895222, 0.689999998699535, 0.6845454519445245, 0.6763636383143339, 0.6890909108248624, 0.6954545443708247, 0.6963636409152638, 0.6727272732691332, 0.6799999957734888, 0.6836363586512479, 0.691818182034926, 0.6799999963153492, 0.6745454522696408, 0.6736363649368287, 0.6772727294401689, 0.6781818146055395, 0.6890909054062583, 0.6790909095243974, 0.6799999984827909, 0.6790909100662578, 0.6790909106081182, 0.6781818183985624, 0.6781818194822832, 0.6809090928597884, 0.6909090930765326, 0.6699999993497675, 0.6736363649368287, 0.6709090931849047, 0.6700000020590695, 0.6936363626610149, 0.6700000004334883, 0.6763636323538693, 0.6845454535701058, 0.6681818236004222, 0.6736363643949682, 0.6754545447501269, 0.6845454530282454, 0.6790909073569558, 0.6936363642865961, 0.6872727285731922, 0.6790909095243974, 0.687272724238309, 0.6845454530282454, 0.6790909078988162, 0.6836363608186895, 0.6763636361468922, 0.6836363646117124, 0.688181815364144, 0.6836363624442707, 0.6890909075737, 0.6654545442624525, 0.6927272720770402, 0.6745454544370825, 0.680909089608626, 0.6990909077904441, 0.6854545441540805, 0.6827272713184357, 0.6781818221915852, 0.6818181818181818, 0.6772727261890065, 0.6781818167729812],