{"loss": [0.6664149761199951, 0.5665369629859924, 0.4748544692993164, 0.4543839693069458, 0.44826555252075195, 0.4451361894607544, 0.4444439709186554, 0.44146302342414856, 0.44035011529922485, 0.44073906540870667, 0.4393092691898346, 0.4405208230018616, 0.4377790689468384, 0.43467727303504944, 0.43431800603866577, 0.43339860439300537, 0.429755300283432, 0.4286530911922455, 0.42553001642227173, 0.4261297285556793, 0.42278072237968445, 0.4216774106025696, 0.41916537284851074, 0.4164113402366638, 0.41389861702919006, 0.4132336378097534, 0.41184693574905396, 0.4118092358112335, 0.4094250202178955, 0.406591534614563, 0.406990110874176, 0.40281468629837036, 0.40129080414772034, 0.40009605884552, 0.39998552203178406, 0.39639735221862793, 0.3968750238418579, 0.39138275384902954, 0.3923023045063019, 0.3926614820957184, 0.39109739661216736, 0.3901992738246918, 0.38831663131713867, 0.388187438249588, 0.38633567094802856, 0.3891392648220062, 0.38450300693511963, 0.3862664997577667, 0.3818885087966919, 0.38304388523101807, 0.379631370306015, 0.3794335126876831, 0.37888655066490173, 0.3771003186702728, 0.3793526291847229, 0.3766380250453949, 0.3783472776412964, 0.37508657574653625, 0.37154123187065125, 0.37558093667030334, 0.37295353412628174, 0.37570998072624207, 0.37115874886512756, 0.3762497901916504, 0.37373629212379456, 0.37389129400253296, 0.3747611343860626, 0.37463775277137756, 0.37524449825286865, 0.3705764412879944, 0.37071529030799866, 0.3690946102142334, 0.370537668466568, 0.37256890535354614, 0.37215980887413025, 0.3686448633670807, 0.3721992075443268, 0.37158969044685364, 0.36787596344947815, 0.3687596619129181, 0.3699337840080261, 0.3680296540260315, 0.3697376251220703, 0.37024015188217163, 0.3712688684463501, 0.3677313029766083, 0.3699440360069275, 0.3664906322956085, 0.37122833728790283, 0.3691467046737671, 0.36606287956237793, 0.36968129873275757, 0.3703710734844208, 0.36893874406814575, 0.37085118889808655, 0.36697208881378174, 0.3680764138698578, 0.3653031289577484, 0.3694149851799011, 0.36881011724472046], "val_loss": [0.6221928000450134, 0.46946707367897034, 0.4099092185497284, 0.3979273736476898, 0.39202409982681274, 0.3885853886604309, 0.3884621560573578, 0.3885597288608551, 0.3856722414493561, 0.38590261340141296, 0.38334184885025024, 0.3818728029727936, 0.3819247782230377, 0.38047289848327637, 0.3799203634262085, 0.37820377945899963, 0.3772759437561035, 0.37596023082733154, 0.3747923672199249, 0.37413305044174194, 0.3717971742153168, 0.37085941433906555, 0.36873379349708557, 0.3693271577358246, 0.36677971482276917, 0.3651258647441864, 0.3642251789569855, 0.3630658984184265, 0.36131390929222107, 0.35973799228668213, 0.358688086271286, 0.3565289080142975, 0.35495126247406006, 0.35390782356262207, 0.351983904838562, 0.35149142146110535, 0.3510558605194092, 0.3491879403591156, 0.34687814116477966, 0.3465155363082886, 0.34436553716659546, 0.3435005247592926, 0.3420514166355133, 0.3423340320587158, 0.34084632992744446, 0.3400680124759674, 0.3372996151447296, 0.3361540734767914, 0.3333277106285095, 0.33330777287483215, 0.3316013813018799, 0.33173197507858276, 0.32982194423675537, 0.3286164700984955, 0.3271018862724304, 0.32575371861457825, 0.32390207052230835, 0.32324546575546265, 0.32225486636161804, 0.32142403721809387, 0.3235645592212677, 0.3206309676170349, 0.3216601312160492, 0.3219677805900574, 0.3176317811012268, 0.3173569142818451, 0.31837186217308044, 0.31930091977119446, 0.3163074851036072, 0.3151339590549469, 0.31743505597114563, 0.31477782130241394, 0.31476250290870667, 0.31465625762939453, 0.3140559792518616, 0.31385546922683716, 0.31459730863571167, 0.31444481015205383, 0.3145158588886261, 0.3135216534137726, 0.31477224826812744, 0.315455824136734, 0.3144395053386688, 0.31495141983032227, 0.3155985176563263, 0.31596553325653076, 0.31411096453666687, 0.31438228487968445, 0.31220605969429016, 0.3122662901878357, 0.3128015697002411, 0.3154686689376831, 0.312915176153183, 0.31162700057029724, 0.31336066126823425, 0.31298404932022095, 0.31318092346191406, 0.3130004405975342, 0.3161008059978485, 0.310945063829422], "accuracy": [0.7906172871589661, 0.7916049361228943, 0.7916049361228943, 0.7916049361228943, 0.7916049361228943, 0.7916049361228943, 0.7916049361228943, 0.7916049361228943, 0.7916049361228943, 0.7916049361228943, 0.7916049361228943, 0.7916049361228943, 0.7916049361228943, 0.7916049361228943, 0.7916049361228943, 0.7916049361228943, 0.7916049361228943, 0.7916049361228943, 0.7916049361228943, 0.7916049361228943, 0.7916049361228943, 0.8091357946395874, 0.8218518495559692, 0.8219752907752991, 0.8240740895271301, 0.8228394985198975, 0.8232098817825317, 0.8261728286743164, 0.8271604776382446, 0.8311111330986023, 0.8350617289543152, 0.8383950591087341, 0.8374074101448059, 0.8408641815185547, 0.8414815068244934, 0.8416049480438232, 0.8417283892631531, 0.8429629802703857, 0.8429629802703857, 0.8461728692054749, 0.8438271880149841, 0.8470370173454285, 0.8448148369789124, 0.8461728692054749, 0.8459259271621704, 0.8470370173454285, 0.8496296405792236, 0.8495061993598938, 0.8501234650611877, 0.8509876728057861, 0.8516049385070801, 0.8543210029602051, 0.8540740609169006, 0.8528395295143127, 0.8533333539962769, 0.8556790351867676, 0.8540740609169006, 0.8540740609169006, 0.8539506196975708, 0.8537036776542664, 0.8587654232978821, 0.8559259176254272, 0.8548148274421692, 0.8532098531723022, 0.8548148274421692, 0.8562963008880615, 0.8569135665893555, 0.8585185408592224, 0.8551852107048035, 0.857654333114624, 0.8541975021362305, 0.8574073910713196, 0.8564197421073914, 0.8562963008880615, 0.8564197421073914, 0.8581481575965881, 0.857654333114624, 0.8539506196975708, 0.8569135665893555, 0.8560493588447571, 0.8590123653411865, 0.8579012155532837, 0.8569135665893555, 0.8577777743339539, 0.8554320931434631, 0.8562963008880615, 0.8569135665893555, 0.8580247163772583, 0.8581481575965881, 0.855555534362793, 0.8543210029602051, 0.8604938387870789, 0.8550617098808289, 0.8551852107048035, 0.857654333114624, 0.852222204208374, 0.8559259176254272, 0.8601234555244446, 0.854938268661499, 0.8561728596687317],